step,task_id,stress,action,latency,outcome,base_utilities,modulated_utilities
0,1,0.0917646924009578,MONITOR,2.002716064453125e-05,0.9816470615198084,"{'MONITOR': 0.96, 'ESCALATE': 0.56, 'REDISTRIBUTE': 0.6667814600163662, 'ASSIST': 0.766609269991817}","{'MONITOR': 0.5015448229817321, 'ESCALATE': 0.3307724114908661, 'REDISTRIBUTE': -0.4793564825293035, 'ASSIST': -1.0672114380812545}"
1,2,0.11640797331480998,MONITOR,2.4080276489257812e-05,0.976718405337038,"{'MONITOR': 0.96, 'ESCALATE': 0.56, 'REDISTRIBUTE': 0.7719705687464962, 'ASSIST': 0.714014715626752}","{'MONITOR': 0.5546211168768491, 'ESCALATE': 0.35731055843842463, 'REDISTRIBUTE': -0.24147663906138095, 'ASSIST': -0.9075008168658514}"
2,3,0.13930638228970865,MONITOR,2.288818359375e-05,0.9721387235420582,"{'MONITOR': 0.96, 'ESCALATE': 0.56, 'REDISTRIBUTE': 0.717759901781346, 'ASSIST': 0.741120049109327}","{'MONITOR': 0.5957874200415372, 'ESCALATE': 0.37789371002076866, 'REDISTRIBUTE': -0.1927715481148109, 'ASSIST': -0.7157302707245241}"
3,4,0.17037625379842822,MONITOR,2.5033950805664062e-05,0.9659247492403144,"{'MONITOR': 0.9199999999999999, 'ESCALATE': 0.62, 'REDISTRIBUTE': 0.6566991896292969, 'ASSIST': 0.7716504051853517}","{'MONITOR': 0.6034073937719331, 'ESCALATE': 0.4617036968859666, 'REDISTRIBUTE': -0.13478232594087003, 'ASSIST': -0.4947200197269155}"
4,5,0.19713525588030012,MONITOR,2.7894973754882812e-05,0.96057294882394,"{'MONITOR': 0.9199999999999999, 'ESCALATE': 0.62, 'REDISTRIBUTE': 0.7283696316391225, 'ASSIST': 0.7358151841804388}","{'MONITOR': 0.6391407619342648, 'ESCALATE': 0.47957038096713245, 'REDISTRIBUTE': 0.026221536474784646, 'ASSIST': -0.3876217680825018}"
5,6,0.1884302480945938,MONITOR,3.0040740966796875e-05,0.9623139503810813,"{'MONITOR': 0.96, 'ESCALATE': 0.56, 'REDISTRIBUTE': 0.709470880746647, 'ASSIST': 0.7452645596266766}","{'MONITOR': 0.6679515128449036, 'ESCALATE': 0.4139757564224519, 'REDISTRIBUTE': -0.020650337141093655, 'ASSIST': -0.4229293889937086}"
6,7,0.18709299030145357,MONITOR,3.409385681152344e-05,0.9625814019397093,"{'MONITOR': 0.96, 'ESCALATE': 0.56, 'REDISTRIBUTE': 0.6564526911140863, 'ASSIST': 0.7717736544429569}","{'MONITOR': 0.666197808760514, 'ESCALATE': 0.4130989043802571, 'REDISTRIBUTE': -0.07805278698462836, 'ASSIST': -0.4034351105149866}"
7,8,0.1928058384189479,MONITOR,3.719329833984375e-05,0.9614388323162104,"{'MONITOR': 0.88, 'ESCALATE': 0.6799999999999999, 'REDISTRIBUTE': 0.6685038408869877, 'ASSIST': 0.7657480795565063}","{'MONITOR': 0.5936238855775997, 'ESCALATE': 0.5368119427887997, 'REDISTRIBUTE': -0.04743644516901324, 'ASSIST': -0.37975637813309515}"
8,9,0.2440238817147927,MONITOR,4.00543212890625e-05,0.9511952236570415,"{'MONITOR': 0.9199999999999999, 'ESCALATE': 0.62, 'REDISTRIBUTE': 0.7565997994669572, 'ASSIST': 0.7217001002665214}","{'MONITOR': 0.6938512620546455, 'ESCALATE': 0.5069256310273228, 'REDISTRIBUTE': 0.19122795460357123, 'ASSIST': -0.18289485151489615}"
9,10,0.26074402372963557,MONITOR,4.1961669921875e-05,0.9478511952540729,"{'MONITOR': 0.96, 'ESCALATE': 0.56, 'REDISTRIBUTE': 0.6597513370612389, 'ASSIST': 0.7701243314693806}","{'MONITOR': 0.7515789862285229, 'ESCALATE': 0.45578949311426153, 'REDISTRIBUTE': 0.13869880263254641, 'ASSIST': -0.0635597236165274}"
10,11,0.2536973606652394,MONITOR,4.696846008300781e-05,0.9492605278669521,"{'MONITOR': 0.9199999999999999, 'ESCALATE': 0.62, 'REDISTRIBUTE': 0.6625050633964447, 'ASSIST': 0.7687474683017776}","{'MONITOR': 0.704202172498162, 'ESCALATE': 0.512101086249081, 'REDISTRIBUTE': 0.12301049464184988, 'ASSIST': -0.09444384170557407}"
11,12,0.21384964038803836,MONITOR,4.9114227294921875e-05,0.9572300719223923,"{'MONITOR': 0.88, 'ESCALATE': 0.6799999999999999, 'REDISTRIBUTE': 0.7078319983048869, 'ASSIST': 0.7460840008475567}","{'MONITOR': 0.6196250163425231, 'ESCALATE': 0.5498125081712615, 'REDISTRIBUTE': 0.05689453916119458, 'ASSIST': -0.295415933782351}"
12,13,0.2025657347497508,MONITOR,5.316734313964844e-05,0.9594868530500499,"{'MONITOR': 0.9199999999999999, 'ESCALATE': 0.62, 'REDISTRIBUTE': 0.7776703214609609, 'ASSIST': 0.7111648392695196}","{'MONITOR': 0.6459330089350126, 'ESCALATE': 0.48296650446750633, 'REDISTRIBUTE': 0.09250284379849272, 'ASSIST': -0.38510312499042954}"
13,14,0.19908054527024313,MONITOR,5.507469177246094e-05,0.9601838909459514,"{'MONITOR': 0.88, 'ESCALATE': 0.6799999999999999, 'REDISTRIBUTE': 0.7414051996016153, 'ASSIST': 0.7292974001991923}","{'MONITOR': 0.6015898213635302, 'ESCALATE': 0.5407949106817651, 'REDISTRIBUTE': 0.04537975301044095, 'ASSIST': -0.3843433143466868}"
14,15,0.19088904126409764,MONITOR,5.793571472167969e-05,0.9618221917471804,"{'MONITOR': 0.96, 'ESCALATE': 0.56, 'REDISTRIBUTE': 0.6299160163437801, 'ASSIST': 0.78504199182811}","{'MONITOR': 0.6711512520746108, 'ESCALATE': 0.41557562603730547, 'REDISTRIBUTE': -0.0922058534696929, 'ASSIST': -0.37035299987344694}"
15,16,0.2140717111734629,MONITOR,6.508827209472656e-05,0.9571856577653074,"{'MONITOR': 0.96, 'ESCALATE': 0.56, 'REDISTRIBUTE': 0.6203313270274161, 'ASSIST': 0.789834336486292}","{'MONITOR': 0.6998891010305633, 'ESCALATE': 0.42994455051528174, 'REDISTRIBUTE': -0.029945920396175385, 'ASSIST': -0.2506092593914545}"
16,17,0.21616730793579658,MONITOR,6.413459777832031e-05,0.9567665384128407,"{'MONITOR': 0.9199999999999999, 'ESCALATE': 0.62, 'REDISTRIBUTE': 0.7563575984868607, 'ASSIST': 0.7218212007565696}","{'MONITOR': 0.6623714174072257, 'ESCALATE': 0.4911857087036129, 'REDISTRIBUTE': 0.11228614200492526, 'ASSIST': -0.308693129614527}"
17,18,0.3019690448828031,MONITOR,7.009506225585938e-05,0.9396061910234393,"{'MONITOR': 0.88, 'ESCALATE': 0.6799999999999999, 'REDISTRIBUTE': 0.7469670404482922, 'ASSIST': 0.726516479775854}","{'MONITOR': 0.7124122123297643, 'ESCALATE': 0.596206106164882, 'REDISTRIBUTE': 0.3279975712727029, 'ASSIST': 0.05616532909491101}"
18,19,0.39231986516798945,MONITOR,6.985664367675781e-05,0.9215360269664021,"{'MONITOR': 0.96, 'ESCALATE': 0.56, 'REDISTRIBUTE': 0.7183684942670451, 'ASSIST': 0.7408157528664775}","{'MONITOR': 0.8724857680250451, 'ESCALATE': 0.5162428840125226, 'REDISTRIBUTE': 0.4995829143296579, 'ASSIST': 0.390758824966658}"
19,20,0.5203045407937059,MONITOR,7.295608520507812e-05,0.8959390918412589,"{'MONITOR': 0.96, 'ESCALATE': 0.56, 'REDISTRIBUTE': 0.6783027257233463, 'ASSIST': 0.760848637138327}","{'MONITOR': 0.9762525705917332, 'ESCALATE': 0.5681262852958667, 'REDISTRIBUTE': 0.7189341522026794, 'ASSIST': 0.8258589195052599}"
20,21,0.5650634627835662,MONITOR,7.915496826171875e-05,0.8869873074432868,"{'MONITOR': 0.9199999999999999, 'ESCALATE': 0.62, 'REDISTRIBUTE': 0.7496277357818635, 'ASSIST': 0.7251861321090683}","{'MONITOR': 0.9723475838720695, 'ESCALATE': 0.6461737919360349, 'REDISTRIBUTE': 0.8804966954620375, 'ASSIST': 0.9345764675973468}"
21,22,0.6166724462203313,MONITOR,8.296966552734375e-05,0.8766655107559337,"{'MONITOR': 0.96, 'ESCALATE': 0.56, 'REDISTRIBUTE': 0.6761375361868317, 'ASSIST': 0.7619312319065842}","{'MONITOR': 1.0550896292261036, 'ESCALATE': 0.6075448146130519, 'REDISTRIBUTE': 0.913861609252091, 'ASSIST': 1.142289748810999}"
22,23,0.6228424957235329,MONITOR,8.082389831542969e-05,0.8754315008552934,"{'MONITOR': 0.9199999999999999, 'ESCALATE': 0.62, 'REDISTRIBUTE': 0.6744539884355656, 'ASSIST': 0.7627730057822173}","{'MONITOR': 1.020326157508692, 'ESCALATE': 0.670163078754346, 'REDISTRIBUTE': 0.9252693822072955, 'ASSIST': 1.164077635816985}"
23,24,0.5786054208606234,MONITOR,8.392333984375e-05,0.8842789158278753,"{'MONITOR': 0.96, 'ESCALATE': 0.56, 'REDISTRIBUTE': 0.7765712142334789, 'ASSIST': 0.7117143928832605}","{'MONITOR': 1.023410224813621, 'ESCALATE': 0.5917051124068106, 'REDISTRIBUTE': 0.9350967762675314, 'ASSIST': 0.9653552921377446}"
